,Mutation,base_sequence,mutated_sequence,mutation_offsets
0,GKR3BB@A@A158W,MALPTPVVICGPSGSGKTTLYNKLLKEFPGVFQLSVSHTTRQPRPGEENGREFHFINRDQFQENIKQGDFLEWAEFSGNLYGTSKKALEEVQANNVIPILDIDTQGVRNVKKASLEAVYIFIKPPSIDVLEERLRSRKTETEEALQKRLSAARNELEYGLKPGNFQHIITNDDLDVAYEKLKGILIKSQMPLAMATGSSSSVVNSFLDKPAASATTVNSSSQD,MALPTPVVICGPSGSGKTTLYNKLLKEFPGVFQLSVSHTTRQPRPGEENGREFHFINRDQFQENIKQGDFLEWAEFSGNLYGTSKKALEEVQANNVIPILDIDTQGVRNVKKASLEAVYIFIKPPSIDVLEERLRSRKTETEEALQKRLSAWRNELEYGLKPGNFQHIITNDDLDVAYEKLKGILIKSQMPLAMATGSSSSVVNSFLDKPAASATTVNSSSQD,6
1,GKR3BB@A@D107K,MALPTPVVICGPSGSGKTTLYNKLLKEFPGVFQLSVSHTTRQPRPGEENGREFHFINRDQFQENIKQGDFLEWAEFSGNLYGTSKKALEEVQANNVIPILDIDTQGVRNVKKASLEAVYIFIKPPSIDVLEERLRSRKTETEEALQKRLSAARNELEYGLKPGNFQHIITNDDLDVAYEKLKGILIKSQMPLAMATGSSSSVVNSFLDKPAASATTVNSSSQD,MALPTPVVICGPSGSGKTTLYNKLLKEFPGVFQLSVSHTTRQPRPGEENGREFHFINRDQFQENIKQGDFLEWAEFSGNLYGTSKKALEEVQANNVIPILKIDTQGVRNVKKASLEAVYIFIKPPSIDVLEERLRSRKTETEEALQKRLSAARNELEYGLKPGNFQHIITNDDLDVAYEKLKGILIKSQMPLAMATGSSSSVVNSFLDKPAASATTVNSSSQD,6
2,GKR3BB@A@D107L,MALPTPVVICGPSGSGKTTLYNKLLKEFPGVFQLSVSHTTRQPRPGEENGREFHFINRDQFQENIKQGDFLEWAEFSGNLYGTSKKALEEVQANNVIPILDIDTQGVRNVKKASLEAVYIFIKPPSIDVLEERLRSRKTETEEALQKRLSAARNELEYGLKPGNFQHIITNDDLDVAYEKLKGILIKSQMPLAMATGSSSSVVNSFLDKPAASATTVNSSSQD,MALPTPVVICGPSGSGKTTLYNKLLKEFPGVFQLSVSHTTRQPRPGEENGREFHFINRDQFQENIKQGDFLEWAEFSGNLYGTSKKALEEVQANNVIPILLIDTQGVRNVKKASLEAVYIFIKPPSIDVLEERLRSRKTETEEALQKRLSAARNELEYGLKPGNFQHIITNDDLDVAYEKLKGILIKSQMPLAMATGSSSSVVNSFLDKPAASATTVNSSSQD,6
3,GKR3BB@A@D107R,MALPTPVVICGPSGSGKTTLYNKLLKEFPGVFQLSVSHTTRQPRPGEENGREFHFINRDQFQENIKQGDFLEWAEFSGNLYGTSKKALEEVQANNVIPILDIDTQGVRNVKKASLEAVYIFIKPPSIDVLEERLRSRKTETEEALQKRLSAARNELEYGLKPGNFQHIITNDDLDVAYEKLKGILIKSQMPLAMATGSSSSVVNSFLDKPAASATTVNSSSQD,MALPTPVVICGPSGSGKTTLYNKLLKEFPGVFQLSVSHTTRQPRPGEENGREFHFINRDQFQENIKQGDFLEWAEFSGNLYGTSKKALEEVQANNVIPILRIDTQGVRNVKKASLEAVYIFIKPPSIDVLEERLRSRKTETEEALQKRLSAARNELEYGLKPGNFQHIITNDDLDVAYEKLKGILIKSQMPLAMATGSSSSVVNSFLDKPAASATTVNSSSQD,6
4,GKR3BB@A@D134S,MALPTPVVICGPSGSGKTTLYNKLLKEFPGVFQLSVSHTTRQPRPGEENGREFHFINRDQFQENIKQGDFLEWAEFSGNLYGTSKKALEEVQANNVIPILDIDTQGVRNVKKASLEAVYIFIKPPSIDVLEERLRSRKTETEEALQKRLSAARNELEYGLKPGNFQHIITNDDLDVAYEKLKGILIKSQMPLAMATGSSSSVVNSFLDKPAASATTVNSSSQD,MALPTPVVICGPSGSGKTTLYNKLLKEFPGVFQLSVSHTTRQPRPGEENGREFHFINRDQFQENIKQGDFLEWAEFSGNLYGTSKKALEEVQANNVIPILDIDTQGVRNVKKASLEAVYIFIKPPSISVLEERLRSRKTETEEALQKRLSAARNELEYGLKPGNFQHIITNDDLDVAYEKLKGILIKSQMPLAMATGSSSSVVNSFLDKPAASATTVNSSSQD,6
5,GKR3BB@A@D178R,MALPTPVVICGPSGSGKTTLYNKLLKEFPGVFQLSVSHTTRQPRPGEENGREFHFINRDQFQENIKQGDFLEWAEFSGNLYGTSKKALEEVQANNVIPILDIDTQGVRNVKKASLEAVYIFIKPPSIDVLEERLRSRKTETEEALQKRLSAARNELEYGLKPGNFQHIITNDDLDVAYEKLKGILIKSQMPLAMATGSSSSVVNSFLDKPAASATTVNSSSQD,MALPTPVVICGPSGSGKTTLYNKLLKEFPGVFQLSVSHTTRQPRPGEENGREFHFINRDQFQENIKQGDFLEWAEFSGNLYGTSKKALEEVQANNVIPILDIDTQGVRNVKKASLEAVYIFIKPPSIDVLEERLRSRKTETEEALQKRLSAARNELEYGLKPGNFQHIITNRDLDVAYEKLKGILIKSQMPLAMATGSSSSVVNSFLDKPAASATTVNSSSQD,6
6,GKR3BB@A@D179R,MALPTPVVICGPSGSGKTTLYNKLLKEFPGVFQLSVSHTTRQPRPGEENGREFHFINRDQFQENIKQGDFLEWAEFSGNLYGTSKKALEEVQANNVIPILDIDTQGVRNVKKASLEAVYIFIKPPSIDVLEERLRSRKTETEEALQKRLSAARNELEYGLKPGNFQHIITNDDLDVAYEKLKGILIKSQMPLAMATGSSSSVVNSFLDKPAASATTVNSSSQD,MALPTPVVICGPSGSGKTTLYNKLLKEFPGVFQLSVSHTTRQPRPGEENGREFHFINRDQFQENIKQGDFLEWAEFSGNLYGTSKKALEEVQANNVIPILDIDTQGVRNVKKASLEAVYIFIKPPSIDVLEERLRSRKTETEEALQKRLSAARNELEYGLKPGNFQHIITNDRLDVAYEKLKGILIKSQMPLAMATGSSSSVVNSFLDKPAASATTVNSSSQD,6
7,GKR3BB@A@D65L,MALPTPVVICGPSGSGKTTLYNKLLKEFPGVFQLSVSHTTRQPRPGEENGREFHFINRDQFQENIKQGDFLEWAEFSGNLYGTSKKALEEVQANNVIPILDIDTQGVRNVKKASLEAVYIFIKPPSIDVLEERLRSRKTETEEALQKRLSAARNELEYGLKPGNFQHIITNDDLDVAYEKLKGILIKSQMPLAMATGSSSSVVNSFLDKPAASATTVNSSSQD,MALPTPVVICGPSGSGKTTLYNKLLKEFPGVFQLSVSHTTRQPRPGEENGREFHFINRLQFQENIKQGDFLEWAEFSGNLYGTSKKALEEVQANNVIPILDIDTQGVRNVKKASLEAVYIFIKPPSIDVLEERLRSRKTETEEALQKRLSAARNELEYGLKPGNFQHIITNDDLDVAYEKLKGILIKSQMPLAMATGSSSSVVNSFLDKPAASATTVNSSSQD,6
8,GKR3BB@A@D65R,MALPTPVVICGPSGSGKTTLYNKLLKEFPGVFQLSVSHTTRQPRPGEENGREFHFINRDQFQENIKQGDFLEWAEFSGNLYGTSKKALEEVQANNVIPILDIDTQGVRNVKKASLEAVYIFIKPPSIDVLEERLRSRKTETEEALQKRLSAARNELEYGLKPGNFQHIITNDDLDVAYEKLKGILIKSQMPLAMATGSSSSVVNSFLDKPAASATTVNSSSQD,MALPTPVVICGPSGSGKTTLYNKLLKEFPGVFQLSVSHTTRQPRPGEENGREFHFINRRQFQENIKQGDFLEWAEFSGNLYGTSKKALEEVQANNVIPILDIDTQGVRNVKKASLEAVYIFIKPPSIDVLEERLRSRKTETEEALQKRLSAARNELEYGLKPGNFQHIITNDDLDVAYEKLKGILIKSQMPLAMATGSSSSVVNSFLDKPAASATTVNSSSQD,6
9,GKR3BB@A@D75R,MALPTPVVICGPSGSGKTTLYNKLLKEFPGVFQLSVSHTTRQPRPGEENGREFHFINRDQFQENIKQGDFLEWAEFSGNLYGTSKKALEEVQANNVIPILDIDTQGVRNVKKASLEAVYIFIKPPSIDVLEERLRSRKTETEEALQKRLSAARNELEYGLKPGNFQHIITNDDLDVAYEKLKGILIKSQMPLAMATGSSSSVVNSFLDKPAASATTVNSSSQD,MALPTPVVICGPSGSGKTTLYNKLLKEFPGVFQLSVSHTTRQPRPGEENGREFHFINRDQFQENIKQGRFLEWAEFSGNLYGTSKKALEEVQANNVIPILDIDTQGVRNVKKASLEAVYIFIKPPSIDVLEERLRSRKTETEEALQKRLSAARNELEYGLKPGNFQHIITNDDLDVAYEKLKGILIKSQMPLAMATGSSSSVVNSFLDKPAASATTVNSSSQD,6
10,GKR3BB@A@E122L,MALPTPVVICGPSGSGKTTLYNKLLKEFPGVFQLSVSHTTRQPRPGEENGREFHFINRDQFQENIKQGDFLEWAEFSGNLYGTSKKALEEVQANNVIPILDIDTQGVRNVKKASLEAVYIFIKPPSIDVLEERLRSRKTETEEALQKRLSAARNELEYGLKPGNFQHIITNDDLDVAYEKLKGILIKSQMPLAMATGSSSSVVNSFLDKPAASATTVNSSSQD,MALPTPVVICGPSGSGKTTLYNKLLKEFPGVFQLSVSHTTRQPRPGEENGREFHFINRDQFQENIKQGDFLEWAEFSGNLYGTSKKALEEVQANNVIPILDIDTQGVRNVKKASLLAVYIFIKPPSIDVLEERLRSRKTETEEALQKRLSAARNELEYGLKPGNFQHIITNDDLDVAYEKLKGILIKSQMPLAMATGSSSSVVNSFLDKPAASATTVNSSSQD,6
11,GKR3BB@A@E122R,MALPTPVVICGPSGSGKTTLYNKLLKEFPGVFQLSVSHTTRQPRPGEENGREFHFINRDQFQENIKQGDFLEWAEFSGNLYGTSKKALEEVQANNVIPILDIDTQGVRNVKKASLEAVYIFIKPPSIDVLEERLRSRKTETEEALQKRLSAARNELEYGLKPGNFQHIITNDDLDVAYEKLKGILIKSQMPLAMATGSSSSVVNSFLDKPAASATTVNSSSQD,MALPTPVVICGPSGSGKTTLYNKLLKEFPGVFQLSVSHTTRQPRPGEENGREFHFINRDQFQENIKQGDFLEWAEFSGNLYGTSKKALEEVQANNVIPILDIDTQGVRNVKKASLRAVYIFIKPPSIDVLEERLRSRKTETEEALQKRLSAARNELEYGLKPGNFQHIITNDDLDVAYEKLKGILIKSQMPLAMATGSSSSVVNSFLDKPAASATTVNSSSQD,6
12,GKR3BB@A@E137L,MALPTPVVICGPSGSGKTTLYNKLLKEFPGVFQLSVSHTTRQPRPGEENGREFHFINRDQFQENIKQGDFLEWAEFSGNLYGTSKKALEEVQANNVIPILDIDTQGVRNVKKASLEAVYIFIKPPSIDVLEERLRSRKTETEEALQKRLSAARNELEYGLKPGNFQHIITNDDLDVAYEKLKGILIKSQMPLAMATGSSSSVVNSFLDKPAASATTVNSSSQD,MALPTPVVICGPSGSGKTTLYNKLLKEFPGVFQLSVSHTTRQPRPGEENGREFHFINRDQFQENIKQGDFLEWAEFSGNLYGTSKKALEEVQANNVIPILDIDTQGVRNVKKASLEAVYIFIKPPSIDVLLERLRSRKTETEEALQKRLSAARNELEYGLKPGNFQHIITNDDLDVAYEKLKGILIKSQMPLAMATGSSSSVVNSFLDKPAASATTVNSSSQD,6
13,GKR3BB@A@E138L,MALPTPVVICGPSGSGKTTLYNKLLKEFPGVFQLSVSHTTRQPRPGEENGREFHFINRDQFQENIKQGDFLEWAEFSGNLYGTSKKALEEVQANNVIPILDIDTQGVRNVKKASLEAVYIFIKPPSIDVLEERLRSRKTETEEALQKRLSAARNELEYGLKPGNFQHIITNDDLDVAYEKLKGILIKSQMPLAMATGSSSSVVNSFLDKPAASATTVNSSSQD,MALPTPVVICGPSGSGKTTLYNKLLKEFPGVFQLSVSHTTRQPRPGEENGREFHFINRDQFQENIKQGDFLEWAEFSGNLYGTSKKALEEVQANNVIPILDIDTQGVRNVKKASLEAVYIFIKPPSIDVLELRLRSRKTETEEALQKRLSAARNELEYGLKPGNFQHIITNDDLDVAYEKLKGILIKSQMPLAMATGSSSSVVNSFLDKPAASATTVNSSSQD,6
14,GKR3BB@A@E138R,MALPTPVVICGPSGSGKTTLYNKLLKEFPGVFQLSVSHTTRQPRPGEENGREFHFINRDQFQENIKQGDFLEWAEFSGNLYGTSKKALEEVQANNVIPILDIDTQGVRNVKKASLEAVYIFIKPPSIDVLEERLRSRKTETEEALQKRLSAARNELEYGLKPGNFQHIITNDDLDVAYEKLKGILIKSQMPLAMATGSSSSVVNSFLDKPAASATTVNSSSQD,MALPTPVVICGPSGSGKTTLYNKLLKEFPGVFQLSVSHTTRQPRPGEENGREFHFINRDQFQENIKQGDFLEWAEFSGNLYGTSKKALEEVQANNVIPILDIDTQGVRNVKKASLEAVYIFIKPPSIDVLERRLRSRKTETEEALQKRLSAARNELEYGLKPGNFQHIITNDDLDVAYEKLKGILIKSQMPLAMATGSSSSVVNSFLDKPAASATTVNSSSQD,6
15,GKR3BB@A@E138V,MALPTPVVICGPSGSGKTTLYNKLLKEFPGVFQLSVSHTTRQPRPGEENGREFHFINRDQFQENIKQGDFLEWAEFSGNLYGTSKKALEEVQANNVIPILDIDTQGVRNVKKASLEAVYIFIKPPSIDVLEERLRSRKTETEEALQKRLSAARNELEYGLKPGNFQHIITNDDLDVAYEKLKGILIKSQMPLAMATGSSSSVVNSFLDKPAASATTVNSSSQD,MALPTPVVICGPSGSGKTTLYNKLLKEFPGVFQLSVSHTTRQPRPGEENGREFHFINRDQFQENIKQGDFLEWAEFSGNLYGTSKKALEEVQANNVIPILDIDTQGVRNVKKASLEAVYIFIKPPSIDVLEVRLRSRKTETEEALQKRLSAARNELEYGLKPGNFQHIITNDDLDVAYEKLKGILIKSQMPLAMATGSSSSVVNSFLDKPAASATTVNSSSQD,6
16,GKR3BB@A@E148R,MALPTPVVICGPSGSGKTTLYNKLLKEFPGVFQLSVSHTTRQPRPGEENGREFHFINRDQFQENIKQGDFLEWAEFSGNLYGTSKKALEEVQANNVIPILDIDTQGVRNVKKASLEAVYIFIKPPSIDVLEERLRSRKTETEEALQKRLSAARNELEYGLKPGNFQHIITNDDLDVAYEKLKGILIKSQMPLAMATGSSSSVVNSFLDKPAASATTVNSSSQD,MALPTPVVICGPSGSGKTTLYNKLLKEFPGVFQLSVSHTTRQPRPGEENGREFHFINRDQFQENIKQGDFLEWAEFSGNLYGTSKKALEEVQANNVIPILDIDTQGVRNVKKASLEAVYIFIKPPSIDVLEERLRSRKTETREALQKRLSAARNELEYGLKPGNFQHIITNDDLDVAYEKLKGILIKSQMPLAMATGSSSSVVNSFLDKPAASATTVNSSSQD,6
17,GKR3BB@A@E149R,MALPTPVVICGPSGSGKTTLYNKLLKEFPGVFQLSVSHTTRQPRPGEENGREFHFINRDQFQENIKQGDFLEWAEFSGNLYGTSKKALEEVQANNVIPILDIDTQGVRNVKKASLEAVYIFIKPPSIDVLEERLRSRKTETEEALQKRLSAARNELEYGLKPGNFQHIITNDDLDVAYEKLKGILIKSQMPLAMATGSSSSVVNSFLDKPAASATTVNSSSQD,MALPTPVVICGPSGSGKTTLYNKLLKEFPGVFQLSVSHTTRQPRPGEENGREFHFINRDQFQENIKQGDFLEWAEFSGNLYGTSKKALEEVQANNVIPILDIDTQGVRNVKKASLEAVYIFIKPPSIDVLEERLRSRKTETERALQKRLSAARNELEYGLKPGNFQHIITNDDLDVAYEKLKGILIKSQMPLAMATGSSSSVVNSFLDKPAASATTVNSSSQD,6
18,GKR3BB@A@E163L,MALPTPVVICGPSGSGKTTLYNKLLKEFPGVFQLSVSHTTRQPRPGEENGREFHFINRDQFQENIKQGDFLEWAEFSGNLYGTSKKALEEVQANNVIPILDIDTQGVRNVKKASLEAVYIFIKPPSIDVLEERLRSRKTETEEALQKRLSAARNELEYGLKPGNFQHIITNDDLDVAYEKLKGILIKSQMPLAMATGSSSSVVNSFLDKPAASATTVNSSSQD,MALPTPVVICGPSGSGKTTLYNKLLKEFPGVFQLSVSHTTRQPRPGEENGREFHFINRDQFQENIKQGDFLEWAEFSGNLYGTSKKALEEVQANNVIPILDIDTQGVRNVKKASLEAVYIFIKPPSIDVLEERLRSRKTETEEALQKRLSAARNELLYGLKPGNFQHIITNDDLDVAYEKLKGILIKSQMPLAMATGSSSSVVNSFLDKPAASATTVNSSSQD,6
19,GKR3BB@A@E185L,MALPTPVVICGPSGSGKTTLYNKLLKEFPGVFQLSVSHTTRQPRPGEENGREFHFINRDQFQENIKQGDFLEWAEFSGNLYGTSKKALEEVQANNVIPILDIDTQGVRNVKKASLEAVYIFIKPPSIDVLEERLRSRKTETEEALQKRLSAARNELEYGLKPGNFQHIITNDDLDVAYEKLKGILIKSQMPLAMATGSSSSVVNSFLDKPAASATTVNSSSQD,MALPTPVVICGPSGSGKTTLYNKLLKEFPGVFQLSVSHTTRQPRPGEENGREFHFINRDQFQENIKQGDFLEWAEFSGNLYGTSKKALEEVQANNVIPILDIDTQGVRNVKKASLEAVYIFIKPPSIDVLEERLRSRKTETEEALQKRLSAARNELEYGLKPGNFQHIITNDDLDVAYLKLKGILIKSQMPLAMATGSSSSVVNSFLDKPAASATTVNSSSQD,6
20,GKR3BB@A@E185V,MALPTPVVICGPSGSGKTTLYNKLLKEFPGVFQLSVSHTTRQPRPGEENGREFHFINRDQFQENIKQGDFLEWAEFSGNLYGTSKKALEEVQANNVIPILDIDTQGVRNVKKASLEAVYIFIKPPSIDVLEERLRSRKTETEEALQKRLSAARNELEYGLKPGNFQHIITNDDLDVAYEKLKGILIKSQMPLAMATGSSSSVVNSFLDKPAASATTVNSSSQD,MALPTPVVICGPSGSGKTTLYNKLLKEFPGVFQLSVSHTTRQPRPGEENGREFHFINRDQFQENIKQGDFLEWAEFSGNLYGTSKKALEEVQANNVIPILDIDTQGVRNVKKASLEAVYIFIKPPSIDVLEERLRSRKTETEEALQKRLSAARNELEYGLKPGNFQHIITNDDLDVAYVKLKGILIKSQMPLAMATGSSSSVVNSFLDKPAASATTVNSSSQD,6
21,GKR3BB@A@E33L,MALPTPVVICGPSGSGKTTLYNKLLKEFPGVFQLSVSHTTRQPRPGEENGREFHFINRDQFQENIKQGDFLEWAEFSGNLYGTSKKALEEVQANNVIPILDIDTQGVRNVKKASLEAVYIFIKPPSIDVLEERLRSRKTETEEALQKRLSAARNELEYGLKPGNFQHIITNDDLDVAYEKLKGILIKSQMPLAMATGSSSSVVNSFLDKPAASATTVNSSSQD,MALPTPVVICGPSGSGKTTLYNKLLKLFPGVFQLSVSHTTRQPRPGEENGREFHFINRDQFQENIKQGDFLEWAEFSGNLYGTSKKALEEVQANNVIPILDIDTQGVRNVKKASLEAVYIFIKPPSIDVLEERLRSRKTETEEALQKRLSAARNELEYGLKPGNFQHIITNDDLDVAYEKLKGILIKSQMPLAMATGSSSSVVNSFLDKPAASATTVNSSSQD,6
22,GKR3BB@A@E33V,MALPTPVVICGPSGSGKTTLYNKLLKEFPGVFQLSVSHTTRQPRPGEENGREFHFINRDQFQENIKQGDFLEWAEFSGNLYGTSKKALEEVQANNVIPILDIDTQGVRNVKKASLEAVYIFIKPPSIDVLEERLRSRKTETEEALQKRLSAARNELEYGLKPGNFQHIITNDDLDVAYEKLKGILIKSQMPLAMATGSSSSVVNSFLDKPAASATTVNSSSQD,MALPTPVVICGPSGSGKTTLYNKLLKVFPGVFQLSVSHTTRQPRPGEENGREFHFINRDQFQENIKQGDFLEWAEFSGNLYGTSKKALEEVQANNVIPILDIDTQGVRNVKKASLEAVYIFIKPPSIDVLEERLRSRKTETEEALQKRLSAARNELEYGLKPGNFQHIITNDDLDVAYEKLKGILIKSQMPLAMATGSSSSVVNSFLDKPAASATTVNSSSQD,6
23,GKR3BB@A@E33Y,MALPTPVVICGPSGSGKTTLYNKLLKEFPGVFQLSVSHTTRQPRPGEENGREFHFINRDQFQENIKQGDFLEWAEFSGNLYGTSKKALEEVQANNVIPILDIDTQGVRNVKKASLEAVYIFIKPPSIDVLEERLRSRKTETEEALQKRLSAARNELEYGLKPGNFQHIITNDDLDVAYEKLKGILIKSQMPLAMATGSSSSVVNSFLDKPAASATTVNSSSQD,MALPTPVVICGPSGSGKTTLYNKLLKYFPGVFQLSVSHTTRQPRPGEENGREFHFINRDQFQENIKQGDFLEWAEFSGNLYGTSKKALEEVQANNVIPILDIDTQGVRNVKKASLEAVYIFIKPPSIDVLEERLRSRKTETEEALQKRLSAARNELEYGLKPGNFQHIITNDDLDVAYEKLKGILIKSQMPLAMATGSSSSVVNSFLDKPAASATTVNSSSQD,6
24,GKR3BB@A@E53F,MALPTPVVICGPSGSGKTTLYNKLLKEFPGVFQLSVSHTTRQPRPGEENGREFHFINRDQFQENIKQGDFLEWAEFSGNLYGTSKKALEEVQANNVIPILDIDTQGVRNVKKASLEAVYIFIKPPSIDVLEERLRSRKTETEEALQKRLSAARNELEYGLKPGNFQHIITNDDLDVAYEKLKGILIKSQMPLAMATGSSSSVVNSFLDKPAASATTVNSSSQD,MALPTPVVICGPSGSGKTTLYNKLLKEFPGVFQLSVSHTTRQPRPGFENGREFHFINRDQFQENIKQGDFLEWAEFSGNLYGTSKKALEEVQANNVIPILDIDTQGVRNVKKASLEAVYIFIKPPSIDVLEERLRSRKTETEEALQKRLSAARNELEYGLKPGNFQHIITNDDLDVAYEKLKGILIKSQMPLAMATGSSSSVVNSFLDKPAASATTVNSSSQD,6
25,GKR3BB@A@E54L,MALPTPVVICGPSGSGKTTLYNKLLKEFPGVFQLSVSHTTRQPRPGEENGREFHFINRDQFQENIKQGDFLEWAEFSGNLYGTSKKALEEVQANNVIPILDIDTQGVRNVKKASLEAVYIFIKPPSIDVLEERLRSRKTETEEALQKRLSAARNELEYGLKPGNFQHIITNDDLDVAYEKLKGILIKSQMPLAMATGSSSSVVNSFLDKPAASATTVNSSSQD,MALPTPVVICGPSGSGKTTLYNKLLKEFPGVFQLSVSHTTRQPRPGELNGREFHFINRDQFQENIKQGDFLEWAEFSGNLYGTSKKALEEVQANNVIPILDIDTQGVRNVKKASLEAVYIFIKPPSIDVLEERLRSRKTETEEALQKRLSAARNELEYGLKPGNFQHIITNDDLDVAYEKLKGILIKSQMPLAMATGSSSSVVNSFLDKPAASATTVNSSSQD,6
26,GKR3BB@A@E54R,MALPTPVVICGPSGSGKTTLYNKLLKEFPGVFQLSVSHTTRQPRPGEENGREFHFINRDQFQENIKQGDFLEWAEFSGNLYGTSKKALEEVQANNVIPILDIDTQGVRNVKKASLEAVYIFIKPPSIDVLEERLRSRKTETEEALQKRLSAARNELEYGLKPGNFQHIITNDDLDVAYEKLKGILIKSQMPLAMATGSSSSVVNSFLDKPAASATTVNSSSQD,MALPTPVVICGPSGSGKTTLYNKLLKEFPGVFQLSVSHTTRQPRPGERNGREFHFINRDQFQENIKQGDFLEWAEFSGNLYGTSKKALEEVQANNVIPILDIDTQGVRNVKKASLEAVYIFIKPPSIDVLEERLRSRKTETEEALQKRLSAARNELEYGLKPGNFQHIITNDDLDVAYEKLKGILIKSQMPLAMATGSSSSVVNSFLDKPAASATTVNSSSQD,6
27,GKR3BB@A@E54V,MALPTPVVICGPSGSGKTTLYNKLLKEFPGVFQLSVSHTTRQPRPGEENGREFHFINRDQFQENIKQGDFLEWAEFSGNLYGTSKKALEEVQANNVIPILDIDTQGVRNVKKASLEAVYIFIKPPSIDVLEERLRSRKTETEEALQKRLSAARNELEYGLKPGNFQHIITNDDLDVAYEKLKGILIKSQMPLAMATGSSSSVVNSFLDKPAASATTVNSSSQD,MALPTPVVICGPSGSGKTTLYNKLLKEFPGVFQLSVSHTTRQPRPGEVNGREFHFINRDQFQENIKQGDFLEWAEFSGNLYGTSKKALEEVQANNVIPILDIDTQGVRNVKKASLEAVYIFIKPPSIDVLEERLRSRKTETEEALQKRLSAARNELEYGLKPGNFQHIITNDDLDVAYEKLKGILIKSQMPLAMATGSSSSVVNSFLDKPAASATTVNSSSQD,6
28,GKR3BB@A@E58V,MALPTPVVICGPSGSGKTTLYNKLLKEFPGVFQLSVSHTTRQPRPGEENGREFHFINRDQFQENIKQGDFLEWAEFSGNLYGTSKKALEEVQANNVIPILDIDTQGVRNVKKASLEAVYIFIKPPSIDVLEERLRSRKTETEEALQKRLSAARNELEYGLKPGNFQHIITNDDLDVAYEKLKGILIKSQMPLAMATGSSSSVVNSFLDKPAASATTVNSSSQD,MALPTPVVICGPSGSGKTTLYNKLLKEFPGVFQLSVSHTTRQPRPGEENGRVFHFINRDQFQENIKQGDFLEWAEFSGNLYGTSKKALEEVQANNVIPILDIDTQGVRNVKKASLEAVYIFIKPPSIDVLEERLRSRKTETEEALQKRLSAARNELEYGLKPGNFQHIITNDDLDVAYEKLKGILIKSQMPLAMATGSSSSVVNSFLDKPAASATTVNSSSQD,6
29,GKR3BB@A@E69L,MALPTPVVICGPSGSGKTTLYNKLLKEFPGVFQLSVSHTTRQPRPGEENGREFHFINRDQFQENIKQGDFLEWAEFSGNLYGTSKKALEEVQANNVIPILDIDTQGVRNVKKASLEAVYIFIKPPSIDVLEERLRSRKTETEEALQKRLSAARNELEYGLKPGNFQHIITNDDLDVAYEKLKGILIKSQMPLAMATGSSSSVVNSFLDKPAASATTVNSSSQD,MALPTPVVICGPSGSGKTTLYNKLLKEFPGVFQLSVSHTTRQPRPGEENGREFHFINRDQFQLNIKQGDFLEWAEFSGNLYGTSKKALEEVQANNVIPILDIDTQGVRNVKKASLEAVYIFIKPPSIDVLEERLRSRKTETEEALQKRLSAARNELEYGLKPGNFQHIITNDDLDVAYEKLKGILIKSQMPLAMATGSSSSVVNSFLDKPAASATTVNSSSQD,6
30,GKR3BB@A@E69V,MALPTPVVICGPSGSGKTTLYNKLLKEFPGVFQLSVSHTTRQPRPGEENGREFHFINRDQFQENIKQGDFLEWAEFSGNLYGTSKKALEEVQANNVIPILDIDTQGVRNVKKASLEAVYIFIKPPSIDVLEERLRSRKTETEEALQKRLSAARNELEYGLKPGNFQHIITNDDLDVAYEKLKGILIKSQMPLAMATGSSSSVVNSFLDKPAASATTVNSSSQD,MALPTPVVICGPSGSGKTTLYNKLLKEFPGVFQLSVSHTTRQPRPGEENGREFHFINRDQFQVNIKQGDFLEWAEFSGNLYGTSKKALEEVQANNVIPILDIDTQGVRNVKKASLEAVYIFIKPPSIDVLEERLRSRKTETEEALQKRLSAARNELEYGLKPGNFQHIITNDDLDVAYEKLKGILIKSQMPLAMATGSSSSVVNSFLDKPAASATTVNSSSQD,6
31,GKR3BB@A@E69Y,MALPTPVVICGPSGSGKTTLYNKLLKEFPGVFQLSVSHTTRQPRPGEENGREFHFINRDQFQENIKQGDFLEWAEFSGNLYGTSKKALEEVQANNVIPILDIDTQGVRNVKKASLEAVYIFIKPPSIDVLEERLRSRKTETEEALQKRLSAARNELEYGLKPGNFQHIITNDDLDVAYEKLKGILIKSQMPLAMATGSSSSVVNSFLDKPAASATTVNSSSQD,MALPTPVVICGPSGSGKTTLYNKLLKEFPGVFQLSVSHTTRQPRPGEENGREFHFINRDQFQYNIKQGDFLEWAEFSGNLYGTSKKALEEVQANNVIPILDIDTQGVRNVKKASLEAVYIFIKPPSIDVLEERLRSRKTETEEALQKRLSAARNELEYGLKPGNFQHIITNDDLDVAYEKLKGILIKSQMPLAMATGSSSSVVNSFLDKPAASATTVNSSSQD,6
32,GKR3BB@A@E81K,MALPTPVVICGPSGSGKTTLYNKLLKEFPGVFQLSVSHTTRQPRPGEENGREFHFINRDQFQENIKQGDFLEWAEFSGNLYGTSKKALEEVQANNVIPILDIDTQGVRNVKKASLEAVYIFIKPPSIDVLEERLRSRKTETEEALQKRLSAARNELEYGLKPGNFQHIITNDDLDVAYEKLKGILIKSQMPLAMATGSSSSVVNSFLDKPAASATTVNSSSQD,MALPTPVVICGPSGSGKTTLYNKLLKEFPGVFQLSVSHTTRQPRPGEENGREFHFINRDQFQENIKQGDFLEWAKFSGNLYGTSKKALEEVQANNVIPILDIDTQGVRNVKKASLEAVYIFIKPPSIDVLEERLRSRKTETEEALQKRLSAARNELEYGLKPGNFQHIITNDDLDVAYEKLKGILIKSQMPLAMATGSSSSVVNSFLDKPAASATTVNSSSQD,6
33,GKR3BB@A@E81L,MALPTPVVICGPSGSGKTTLYNKLLKEFPGVFQLSVSHTTRQPRPGEENGREFHFINRDQFQENIKQGDFLEWAEFSGNLYGTSKKALEEVQANNVIPILDIDTQGVRNVKKASLEAVYIFIKPPSIDVLEERLRSRKTETEEALQKRLSAARNELEYGLKPGNFQHIITNDDLDVAYEKLKGILIKSQMPLAMATGSSSSVVNSFLDKPAASATTVNSSSQD,MALPTPVVICGPSGSGKTTLYNKLLKEFPGVFQLSVSHTTRQPRPGEENGREFHFINRDQFQENIKQGDFLEWALFSGNLYGTSKKALEEVQANNVIPILDIDTQGVRNVKKASLEAVYIFIKPPSIDVLEERLRSRKTETEEALQKRLSAARNELEYGLKPGNFQHIITNDDLDVAYEKLKGILIKSQMPLAMATGSSSSVVNSFLDKPAASATTVNSSSQD,6
34,GKR3BB@A@E81R,MALPTPVVICGPSGSGKTTLYNKLLKEFPGVFQLSVSHTTRQPRPGEENGREFHFINRDQFQENIKQGDFLEWAEFSGNLYGTSKKALEEVQANNVIPILDIDTQGVRNVKKASLEAVYIFIKPPSIDVLEERLRSRKTETEEALQKRLSAARNELEYGLKPGNFQHIITNDDLDVAYEKLKGILIKSQMPLAMATGSSSSVVNSFLDKPAASATTVNSSSQD,MALPTPVVICGPSGSGKTTLYNKLLKEFPGVFQLSVSHTTRQPRPGEENGREFHFINRDQFQENIKQGDFLEWARFSGNLYGTSKKALEEVQANNVIPILDIDTQGVRNVKKASLEAVYIFIKPPSIDVLEERLRSRKTETEEALQKRLSAARNELEYGLKPGNFQHIITNDDLDVAYEKLKGILIKSQMPLAMATGSSSSVVNSFLDKPAASATTVNSSSQD,6
35,GKR3BB@A@E95L,MALPTPVVICGPSGSGKTTLYNKLLKEFPGVFQLSVSHTTRQPRPGEENGREFHFINRDQFQENIKQGDFLEWAEFSGNLYGTSKKALEEVQANNVIPILDIDTQGVRNVKKASLEAVYIFIKPPSIDVLEERLRSRKTETEEALQKRLSAARNELEYGLKPGNFQHIITNDDLDVAYEKLKGILIKSQMPLAMATGSSSSVVNSFLDKPAASATTVNSSSQD,MALPTPVVICGPSGSGKTTLYNKLLKEFPGVFQLSVSHTTRQPRPGEENGREFHFINRDQFQENIKQGDFLEWAEFSGNLYGTSKKALLEVQANNVIPILDIDTQGVRNVKKASLEAVYIFIKPPSIDVLEERLRSRKTETEEALQKRLSAARNELEYGLKPGNFQHIITNDDLDVAYEKLKGILIKSQMPLAMATGSSSSVVNSFLDKPAASATTVNSSSQD,6
36,GKR3BB@A@E96L,MALPTPVVICGPSGSGKTTLYNKLLKEFPGVFQLSVSHTTRQPRPGEENGREFHFINRDQFQENIKQGDFLEWAEFSGNLYGTSKKALEEVQANNVIPILDIDTQGVRNVKKASLEAVYIFIKPPSIDVLEERLRSRKTETEEALQKRLSAARNELEYGLKPGNFQHIITNDDLDVAYEKLKGILIKSQMPLAMATGSSSSVVNSFLDKPAASATTVNSSSQD,MALPTPVVICGPSGSGKTTLYNKLLKEFPGVFQLSVSHTTRQPRPGEENGREFHFINRDQFQENIKQGDFLEWAEFSGNLYGTSKKALELVQANNVIPILDIDTQGVRNVKKASLEAVYIFIKPPSIDVLEERLRSRKTETEEALQKRLSAARNELEYGLKPGNFQHIITNDDLDVAYEKLKGILIKSQMPLAMATGSSSSVVNSFLDKPAASATTVNSSSQD,6
37,GKR3BB@A@E96V,MALPTPVVICGPSGSGKTTLYNKLLKEFPGVFQLSVSHTTRQPRPGEENGREFHFINRDQFQENIKQGDFLEWAEFSGNLYGTSKKALEEVQANNVIPILDIDTQGVRNVKKASLEAVYIFIKPPSIDVLEERLRSRKTETEEALQKRLSAARNELEYGLKPGNFQHIITNDDLDVAYEKLKGILIKSQMPLAMATGSSSSVVNSFLDKPAASATTVNSSSQD,MALPTPVVICGPSGSGKTTLYNKLLKEFPGVFQLSVSHTTRQPRPGEENGREFHFINRDQFQENIKQGDFLEWAEFSGNLYGTSKKALEVVQANNVIPILDIDTQGVRNVKKASLEAVYIFIKPPSIDVLEERLRSRKTETEEALQKRLSAARNELEYGLKPGNFQHIITNDDLDVAYEKLKGILIKSQMPLAMATGSSSSVVNSFLDKPAASATTVNSSSQD,6
38,GKR3BB@A@F34Y,MALPTPVVICGPSGSGKTTLYNKLLKEFPGVFQLSVSHTTRQPRPGEENGREFHFINRDQFQENIKQGDFLEWAEFSGNLYGTSKKALEEVQANNVIPILDIDTQGVRNVKKASLEAVYIFIKPPSIDVLEERLRSRKTETEEALQKRLSAARNELEYGLKPGNFQHIITNDDLDVAYEKLKGILIKSQMPLAMATGSSSSVVNSFLDKPAASATTVNSSSQD,MALPTPVVICGPSGSGKTTLYNKLLKEYPGVFQLSVSHTTRQPRPGEENGREFHFINRDQFQENIKQGDFLEWAEFSGNLYGTSKKALEEVQANNVIPILDIDTQGVRNVKKASLEAVYIFIKPPSIDVLEERLRSRKTETEEALQKRLSAARNELEYGLKPGNFQHIITNDDLDVAYEKLKGILIKSQMPLAMATGSSSSVVNSFLDKPAASATTVNSSSQD,6
39,GKR3BB@A@F59Y,MALPTPVVICGPSGSGKTTLYNKLLKEFPGVFQLSVSHTTRQPRPGEENGREFHFINRDQFQENIKQGDFLEWAEFSGNLYGTSKKALEEVQANNVIPILDIDTQGVRNVKKASLEAVYIFIKPPSIDVLEERLRSRKTETEEALQKRLSAARNELEYGLKPGNFQHIITNDDLDVAYEKLKGILIKSQMPLAMATGSSSSVVNSFLDKPAASATTVNSSSQD,MALPTPVVICGPSGSGKTTLYNKLLKEFPGVFQLSVSHTTRQPRPGEENGREYHFINRDQFQENIKQGDFLEWAEFSGNLYGTSKKALEEVQANNVIPILDIDTQGVRNVKKASLEAVYIFIKPPSIDVLEERLRSRKTETEEALQKRLSAARNELEYGLKPGNFQHIITNDDLDVAYEKLKGILIKSQMPLAMATGSSSSVVNSFLDKPAASATTVNSSSQD,6
40,GKR3BB@A@F61W,MALPTPVVICGPSGSGKTTLYNKLLKEFPGVFQLSVSHTTRQPRPGEENGREFHFINRDQFQENIKQGDFLEWAEFSGNLYGTSKKALEEVQANNVIPILDIDTQGVRNVKKASLEAVYIFIKPPSIDVLEERLRSRKTETEEALQKRLSAARNELEYGLKPGNFQHIITNDDLDVAYEKLKGILIKSQMPLAMATGSSSSVVNSFLDKPAASATTVNSSSQD,MALPTPVVICGPSGSGKTTLYNKLLKEFPGVFQLSVSHTTRQPRPGEENGREFHWINRDQFQENIKQGDFLEWAEFSGNLYGTSKKALEEVQANNVIPILDIDTQGVRNVKKASLEAVYIFIKPPSIDVLEERLRSRKTETEEALQKRLSAARNELEYGLKPGNFQHIITNDDLDVAYEKLKGILIKSQMPLAMATGSSSSVVNSFLDKPAASATTVNSSSQD,6
41,GKR3BB@A@G189M,MALPTPVVICGPSGSGKTTLYNKLLKEFPGVFQLSVSHTTRQPRPGEENGREFHFINRDQFQENIKQGDFLEWAEFSGNLYGTSKKALEEVQANNVIPILDIDTQGVRNVKKASLEAVYIFIKPPSIDVLEERLRSRKTETEEALQKRLSAARNELEYGLKPGNFQHIITNDDLDVAYEKLKGILIKSQMPLAMATGSSSSVVNSFLDKPAASATTVNSSSQD,MALPTPVVICGPSGSGKTTLYNKLLKEFPGVFQLSVSHTTRQPRPGEENGREFHFINRDQFQENIKQGDFLEWAEFSGNLYGTSKKALEEVQANNVIPILDIDTQGVRNVKKASLEAVYIFIKPPSIDVLEERLRSRKTETEEALQKRLSAARNELEYGLKPGNFQHIITNDDLDVAYEKLKMILIKSQMPLAMATGSSSSVVNSFLDKPAASATTVNSSSQD,6
42,GKR3BB@A@G36L,MALPTPVVICGPSGSGKTTLYNKLLKEFPGVFQLSVSHTTRQPRPGEENGREFHFINRDQFQENIKQGDFLEWAEFSGNLYGTSKKALEEVQANNVIPILDIDTQGVRNVKKASLEAVYIFIKPPSIDVLEERLRSRKTETEEALQKRLSAARNELEYGLKPGNFQHIITNDDLDVAYEKLKGILIKSQMPLAMATGSSSSVVNSFLDKPAASATTVNSSSQD,MALPTPVVICGPSGSGKTTLYNKLLKEFPLVFQLSVSHTTRQPRPGEENGREFHFINRDQFQENIKQGDFLEWAEFSGNLYGTSKKALEEVQANNVIPILDIDTQGVRNVKKASLEAVYIFIKPPSIDVLEERLRSRKTETEEALQKRLSAARNELEYGLKPGNFQHIITNDDLDVAYEKLKGILIKSQMPLAMATGSSSSVVNSFLDKPAASATTVNSSSQD,6
43,GKR3BB@A@H173V,MALPTPVVICGPSGSGKTTLYNKLLKEFPGVFQLSVSHTTRQPRPGEENGREFHFINRDQFQENIKQGDFLEWAEFSGNLYGTSKKALEEVQANNVIPILDIDTQGVRNVKKASLEAVYIFIKPPSIDVLEERLRSRKTETEEALQKRLSAARNELEYGLKPGNFQHIITNDDLDVAYEKLKGILIKSQMPLAMATGSSSSVVNSFLDKPAASATTVNSSSQD,MALPTPVVICGPSGSGKTTLYNKLLKEFPGVFQLSVSHTTRQPRPGEENGREFHFINRDQFQENIKQGDFLEWAEFSGNLYGTSKKALEEVQANNVIPILDIDTQGVRNVKKASLEAVYIFIKPPSIDVLEERLRSRKTETEEALQKRLSAARNELEYGLKPGNFQVIITNDDLDVAYEKLKGILIKSQMPLAMATGSSSSVVNSFLDKPAASATTVNSSSQD,6
44,GKR3BB@A@I175F,MALPTPVVICGPSGSGKTTLYNKLLKEFPGVFQLSVSHTTRQPRPGEENGREFHFINRDQFQENIKQGDFLEWAEFSGNLYGTSKKALEEVQANNVIPILDIDTQGVRNVKKASLEAVYIFIKPPSIDVLEERLRSRKTETEEALQKRLSAARNELEYGLKPGNFQHIITNDDLDVAYEKLKGILIKSQMPLAMATGSSSSVVNSFLDKPAASATTVNSSSQD,MALPTPVVICGPSGSGKTTLYNKLLKEFPGVFQLSVSHTTRQPRPGEENGREFHFINRDQFQENIKQGDFLEWAEFSGNLYGTSKKALEEVQANNVIPILDIDTQGVRNVKKASLEAVYIFIKPPSIDVLEERLRSRKTETEEALQKRLSAARNELEYGLKPGNFQHIFTNDDLDVAYEKLKGILIKSQMPLAMATGSSSSVVNSFLDKPAASATTVNSSSQD,6
45,GKR3BB@A@I190Q,MALPTPVVICGPSGSGKTTLYNKLLKEFPGVFQLSVSHTTRQPRPGEENGREFHFINRDQFQENIKQGDFLEWAEFSGNLYGTSKKALEEVQANNVIPILDIDTQGVRNVKKASLEAVYIFIKPPSIDVLEERLRSRKTETEEALQKRLSAARNELEYGLKPGNFQHIITNDDLDVAYEKLKGILIKSQMPLAMATGSSSSVVNSFLDKPAASATTVNSSSQD,MALPTPVVICGPSGSGKTTLYNKLLKEFPGVFQLSVSHTTRQPRPGEENGREFHFINRDQFQENIKQGDFLEWAEFSGNLYGTSKKALEEVQANNVIPILDIDTQGVRNVKKASLEAVYIFIKPPSIDVLEERLRSRKTETEEALQKRLSAARNELEYGLKPGNFQHIITNDDLDVAYEKLKGQLIKSQMPLAMATGSSSSVVNSFLDKPAASATTVNSSSQD,6
46,GKR3BB@A@I192Y,MALPTPVVICGPSGSGKTTLYNKLLKEFPGVFQLSVSHTTRQPRPGEENGREFHFINRDQFQENIKQGDFLEWAEFSGNLYGTSKKALEEVQANNVIPILDIDTQGVRNVKKASLEAVYIFIKPPSIDVLEERLRSRKTETEEALQKRLSAARNELEYGLKPGNFQHIITNDDLDVAYEKLKGILIKSQMPLAMATGSSSSVVNSFLDKPAASATTVNSSSQD,MALPTPVVICGPSGSGKTTLYNKLLKEFPGVFQLSVSHTTRQPRPGEENGREFHFINRDQFQENIKQGDFLEWAEFSGNLYGTSKKALEEVQANNVIPILDIDTQGVRNVKKASLEAVYIFIKPPSIDVLEERLRSRKTETEEALQKRLSAARNELEYGLKPGNFQHIITNDDLDVAYEKLKGILYKSQMPLAMATGSSSSVVNSFLDKPAASATTVNSSSQD,6
47,GKR3BB@A@I71C,MALPTPVVICGPSGSGKTTLYNKLLKEFPGVFQLSVSHTTRQPRPGEENGREFHFINRDQFQENIKQGDFLEWAEFSGNLYGTSKKALEEVQANNVIPILDIDTQGVRNVKKASLEAVYIFIKPPSIDVLEERLRSRKTETEEALQKRLSAARNELEYGLKPGNFQHIITNDDLDVAYEKLKGILIKSQMPLAMATGSSSSVVNSFLDKPAASATTVNSSSQD,MALPTPVVICGPSGSGKTTLYNKLLKEFPGVFQLSVSHTTRQPRPGEENGREFHFINRDQFQENCKQGDFLEWAEFSGNLYGTSKKALEEVQANNVIPILDIDTQGVRNVKKASLEAVYIFIKPPSIDVLEERLRSRKTETEEALQKRLSAARNELEYGLKPGNFQHIITNDDLDVAYEKLKGILIKSQMPLAMATGSSSSVVNSFLDKPAASATTVNSSSQD,6
48,GKR3BB@A@K117I,MALPTPVVICGPSGSGKTTLYNKLLKEFPGVFQLSVSHTTRQPRPGEENGREFHFINRDQFQENIKQGDFLEWAEFSGNLYGTSKKALEEVQANNVIPILDIDTQGVRNVKKASLEAVYIFIKPPSIDVLEERLRSRKTETEEALQKRLSAARNELEYGLKPGNFQHIITNDDLDVAYEKLKGILIKSQMPLAMATGSSSSVVNSFLDKPAASATTVNSSSQD,MALPTPVVICGPSGSGKTTLYNKLLKEFPGVFQLSVSHTTRQPRPGEENGREFHFINRDQFQENIKQGDFLEWAEFSGNLYGTSKKALEEVQANNVIPILDIDTQGVRNVIKASLEAVYIFIKPPSIDVLEERLRSRKTETEEALQKRLSAARNELEYGLKPGNFQHIITNDDLDVAYEKLKGILIKSQMPLAMATGSSSSVVNSFLDKPAASATTVNSSSQD,6
49,GKR3BB@A@K118N,MALPTPVVICGPSGSGKTTLYNKLLKEFPGVFQLSVSHTTRQPRPGEENGREFHFINRDQFQENIKQGDFLEWAEFSGNLYGTSKKALEEVQANNVIPILDIDTQGVRNVKKASLEAVYIFIKPPSIDVLEERLRSRKTETEEALQKRLSAARNELEYGLKPGNFQHIITNDDLDVAYEKLKGILIKSQMPLAMATGSSSSVVNSFLDKPAASATTVNSSSQD,MALPTPVVICGPSGSGKTTLYNKLLKEFPGVFQLSVSHTTRQPRPGEENGREFHFINRDQFQENIKQGDFLEWAEFSGNLYGTSKKALEEVQANNVIPILDIDTQGVRNVKNASLEAVYIFIKPPSIDVLEERLRSRKTETEEALQKRLSAARNELEYGLKPGNFQHIITNDDLDVAYEKLKGILIKSQMPLAMATGSSSSVVNSFLDKPAASATTVNSSSQD,6
50,GKR3BB@A@K129I,MALPTPVVICGPSGSGKTTLYNKLLKEFPGVFQLSVSHTTRQPRPGEENGREFHFINRDQFQENIKQGDFLEWAEFSGNLYGTSKKALEEVQANNVIPILDIDTQGVRNVKKASLEAVYIFIKPPSIDVLEERLRSRKTETEEALQKRLSAARNELEYGLKPGNFQHIITNDDLDVAYEKLKGILIKSQMPLAMATGSSSSVVNSFLDKPAASATTVNSSSQD,MALPTPVVICGPSGSGKTTLYNKLLKEFPGVFQLSVSHTTRQPRPGEENGREFHFINRDQFQENIKQGDFLEWAEFSGNLYGTSKKALEEVQANNVIPILDIDTQGVRNVKKASLEAVYIFIIPPSIDVLEERLRSRKTETEEALQKRLSAARNELEYGLKPGNFQHIITNDDLDVAYEKLKGILIKSQMPLAMATGSSSSVVNSFLDKPAASATTVNSSSQD,6
51,GKR3BB@A@K129V,MALPTPVVICGPSGSGKTTLYNKLLKEFPGVFQLSVSHTTRQPRPGEENGREFHFINRDQFQENIKQGDFLEWAEFSGNLYGTSKKALEEVQANNVIPILDIDTQGVRNVKKASLEAVYIFIKPPSIDVLEERLRSRKTETEEALQKRLSAARNELEYGLKPGNFQHIITNDDLDVAYEKLKGILIKSQMPLAMATGSSSSVVNSFLDKPAASATTVNSSSQD,MALPTPVVICGPSGSGKTTLYNKLLKEFPGVFQLSVSHTTRQPRPGEENGREFHFINRDQFQENIKQGDFLEWAEFSGNLYGTSKKALEEVQANNVIPILDIDTQGVRNVKKASLEAVYIFIVPPSIDVLEERLRSRKTETEEALQKRLSAARNELEYGLKPGNFQHIITNDDLDVAYEKLKGILIKSQMPLAMATGSSSSVVNSFLDKPAASATTVNSSSQD,6
52,GKR3BB@A@K144N,MALPTPVVICGPSGSGKTTLYNKLLKEFPGVFQLSVSHTTRQPRPGEENGREFHFINRDQFQENIKQGDFLEWAEFSGNLYGTSKKALEEVQANNVIPILDIDTQGVRNVKKASLEAVYIFIKPPSIDVLEERLRSRKTETEEALQKRLSAARNELEYGLKPGNFQHIITNDDLDVAYEKLKGILIKSQMPLAMATGSSSSVVNSFLDKPAASATTVNSSSQD,MALPTPVVICGPSGSGKTTLYNKLLKEFPGVFQLSVSHTTRQPRPGEENGREFHFINRDQFQENIKQGDFLEWAEFSGNLYGTSKKALEEVQANNVIPILDIDTQGVRNVKKASLEAVYIFIKPPSIDVLEERLRSRNTETEEALQKRLSAARNELEYGLKPGNFQHIITNDDLDVAYEKLKGILIKSQMPLAMATGSSSSVVNSFLDKPAASATTVNSSSQD,6
53,GKR3BB@A@K186I,MALPTPVVICGPSGSGKTTLYNKLLKEFPGVFQLSVSHTTRQPRPGEENGREFHFINRDQFQENIKQGDFLEWAEFSGNLYGTSKKALEEVQANNVIPILDIDTQGVRNVKKASLEAVYIFIKPPSIDVLEERLRSRKTETEEALQKRLSAARNELEYGLKPGNFQHIITNDDLDVAYEKLKGILIKSQMPLAMATGSSSSVVNSFLDKPAASATTVNSSSQD,MALPTPVVICGPSGSGKTTLYNKLLKEFPGVFQLSVSHTTRQPRPGEENGREFHFINRDQFQENIKQGDFLEWAEFSGNLYGTSKKALEEVQANNVIPILDIDTQGVRNVKKASLEAVYIFIKPPSIDVLEERLRSRKTETEEALQKRLSAARNELEYGLKPGNFQHIITNDDLDVAYEILKGILIKSQMPLAMATGSSSSVVNSFLDKPAASATTVNSSSQD,6
54,GKR3BB@A@K193N,MALPTPVVICGPSGSGKTTLYNKLLKEFPGVFQLSVSHTTRQPRPGEENGREFHFINRDQFQENIKQGDFLEWAEFSGNLYGTSKKALEEVQANNVIPILDIDTQGVRNVKKASLEAVYIFIKPPSIDVLEERLRSRKTETEEALQKRLSAARNELEYGLKPGNFQHIITNDDLDVAYEKLKGILIKSQMPLAMATGSSSSVVNSFLDKPAASATTVNSSSQD,MALPTPVVICGPSGSGKTTLYNKLLKEFPGVFQLSVSHTTRQPRPGEENGREFHFINRDQFQENIKQGDFLEWAEFSGNLYGTSKKALEEVQANNVIPILDIDTQGVRNVKKASLEAVYIFIKPPSIDVLEERLRSRKTETEEALQKRLSAARNELEYGLKPGNFQHIITNDDLDVAYEKLKGILINSQMPLAMATGSSSSVVNSFLDKPAASATTVNSSSQD,6
55,GKR3BB@A@K29I,MALPTPVVICGPSGSGKTTLYNKLLKEFPGVFQLSVSHTTRQPRPGEENGREFHFINRDQFQENIKQGDFLEWAEFSGNLYGTSKKALEEVQANNVIPILDIDTQGVRNVKKASLEAVYIFIKPPSIDVLEERLRSRKTETEEALQKRLSAARNELEYGLKPGNFQHIITNDDLDVAYEKLKGILIKSQMPLAMATGSSSSVVNSFLDKPAASATTVNSSSQD,MALPTPVVICGPSGSGKTTLYNILLKEFPGVFQLSVSHTTRQPRPGEENGREFHFINRDQFQENIKQGDFLEWAEFSGNLYGTSKKALEEVQANNVIPILDIDTQGVRNVKKASLEAVYIFIKPPSIDVLEERLRSRKTETEEALQKRLSAARNELEYGLKPGNFQHIITNDDLDVAYEKLKGILIKSQMPLAMATGSSSSVVNSFLDKPAASATTVNSSSQD,6
56,GKR3BB@A@K32N,MALPTPVVICGPSGSGKTTLYNKLLKEFPGVFQLSVSHTTRQPRPGEENGREFHFINRDQFQENIKQGDFLEWAEFSGNLYGTSKKALEEVQANNVIPILDIDTQGVRNVKKASLEAVYIFIKPPSIDVLEERLRSRKTETEEALQKRLSAARNELEYGLKPGNFQHIITNDDLDVAYEKLKGILIKSQMPLAMATGSSSSVVNSFLDKPAASATTVNSSSQD,MALPTPVVICGPSGSGKTTLYNKLLNEFPGVFQLSVSHTTRQPRPGEENGREFHFINRDQFQENIKQGDFLEWAEFSGNLYGTSKKALEEVQANNVIPILDIDTQGVRNVKKASLEAVYIFIKPPSIDVLEERLRSRKTETEEALQKRLSAARNELEYGLKPGNFQHIITNDDLDVAYEKLKGILIKSQMPLAMATGSSSSVVNSFLDKPAASATTVNSSSQD,6
57,GKR3BB@A@K72N,MALPTPVVICGPSGSGKTTLYNKLLKEFPGVFQLSVSHTTRQPRPGEENGREFHFINRDQFQENIKQGDFLEWAEFSGNLYGTSKKALEEVQANNVIPILDIDTQGVRNVKKASLEAVYIFIKPPSIDVLEERLRSRKTETEEALQKRLSAARNELEYGLKPGNFQHIITNDDLDVAYEKLKGILIKSQMPLAMATGSSSSVVNSFLDKPAASATTVNSSSQD,MALPTPVVICGPSGSGKTTLYNKLLKEFPGVFQLSVSHTTRQPRPGEENGREFHFINRDQFQENINQGDFLEWAEFSGNLYGTSKKALEEVQANNVIPILDIDTQGVRNVKKASLEAVYIFIKPPSIDVLEERLRSRKTETEEALQKRLSAARNELEYGLKPGNFQHIITNDDLDVAYEKLKGILIKSQMPLAMATGSSSSVVNSFLDKPAASATTVNSSSQD,6
58,GKR3BB@A@K91D,MALPTPVVICGPSGSGKTTLYNKLLKEFPGVFQLSVSHTTRQPRPGEENGREFHFINRDQFQENIKQGDFLEWAEFSGNLYGTSKKALEEVQANNVIPILDIDTQGVRNVKKASLEAVYIFIKPPSIDVLEERLRSRKTETEEALQKRLSAARNELEYGLKPGNFQHIITNDDLDVAYEKLKGILIKSQMPLAMATGSSSSVVNSFLDKPAASATTVNSSSQD,MALPTPVVICGPSGSGKTTLYNKLLKEFPGVFQLSVSHTTRQPRPGEENGREFHFINRDQFQENIKQGDFLEWAEFSGNLYGTSDKALEEVQANNVIPILDIDTQGVRNVKKASLEAVYIFIKPPSIDVLEERLRSRKTETEEALQKRLSAARNELEYGLKPGNFQHIITNDDLDVAYEKLKGILIKSQMPLAMATGSSSSVVNSFLDKPAASATTVNSSSQD,6
59,GKR3BB@A@K91M,MALPTPVVICGPSGSGKTTLYNKLLKEFPGVFQLSVSHTTRQPRPGEENGREFHFINRDQFQENIKQGDFLEWAEFSGNLYGTSKKALEEVQANNVIPILDIDTQGVRNVKKASLEAVYIFIKPPSIDVLEERLRSRKTETEEALQKRLSAARNELEYGLKPGNFQHIITNDDLDVAYEKLKGILIKSQMPLAMATGSSSSVVNSFLDKPAASATTVNSSSQD,MALPTPVVICGPSGSGKTTLYNKLLKEFPGVFQLSVSHTTRQPRPGEENGREFHFINRDQFQENIKQGDFLEWAEFSGNLYGTSMKALEEVQANNVIPILDIDTQGVRNVKKASLEAVYIFIKPPSIDVLEERLRSRKTETEEALQKRLSAARNELEYGLKPGNFQHIITNDDLDVAYEKLKGILIKSQMPLAMATGSSSSVVNSFLDKPAASATTVNSSSQD,6
60,GKR3BB@A@K92N,MALPTPVVICGPSGSGKTTLYNKLLKEFPGVFQLSVSHTTRQPRPGEENGREFHFINRDQFQENIKQGDFLEWAEFSGNLYGTSKKALEEVQANNVIPILDIDTQGVRNVKKASLEAVYIFIKPPSIDVLEERLRSRKTETEEALQKRLSAARNELEYGLKPGNFQHIITNDDLDVAYEKLKGILIKSQMPLAMATGSSSSVVNSFLDKPAASATTVNSSSQD,MALPTPVVICGPSGSGKTTLYNKLLKEFPGVFQLSVSHTTRQPRPGEENGREFHFINRDQFQENIKQGDFLEWAEFSGNLYGTSKNALEEVQANNVIPILDIDTQGVRNVKKASLEAVYIFIKPPSIDVLEERLRSRKTETEEALQKRLSAARNELEYGLKPGNFQHIITNDDLDVAYEKLKGILIKSQMPLAMATGSSSSVVNSFLDKPAASATTVNSSSQD,6
61,GKR3BB@A@L151V,MALPTPVVICGPSGSGKTTLYNKLLKEFPGVFQLSVSHTTRQPRPGEENGREFHFINRDQFQENIKQGDFLEWAEFSGNLYGTSKKALEEVQANNVIPILDIDTQGVRNVKKASLEAVYIFIKPPSIDVLEERLRSRKTETEEALQKRLSAARNELEYGLKPGNFQHIITNDDLDVAYEKLKGILIKSQMPLAMATGSSSSVVNSFLDKPAASATTVNSSSQD,MALPTPVVICGPSGSGKTTLYNKLLKEFPGVFQLSVSHTTRQPRPGEENGREFHFINRDQFQENIKQGDFLEWAEFSGNLYGTSKKALEEVQANNVIPILDIDTQGVRNVKKASLEAVYIFIKPPSIDVLEERLRSRKTETEEAVQKRLSAARNELEYGLKPGNFQHIITNDDLDVAYEKLKGILIKSQMPLAMATGSSSSVVNSFLDKPAASATTVNSSSQD,6
62,GKR3BB@A@L180Q,MALPTPVVICGPSGSGKTTLYNKLLKEFPGVFQLSVSHTTRQPRPGEENGREFHFINRDQFQENIKQGDFLEWAEFSGNLYGTSKKALEEVQANNVIPILDIDTQGVRNVKKASLEAVYIFIKPPSIDVLEERLRSRKTETEEALQKRLSAARNELEYGLKPGNFQHIITNDDLDVAYEKLKGILIKSQMPLAMATGSSSSVVNSFLDKPAASATTVNSSSQD,MALPTPVVICGPSGSGKTTLYNKLLKEFPGVFQLSVSHTTRQPRPGEENGREFHFINRDQFQENIKQGDFLEWAEFSGNLYGTSKKALEEVQANNVIPILDIDTQGVRNVKKASLEAVYIFIKPPSIDVLEERLRSRKTETEEALQKRLSAARNELEYGLKPGNFQHIITNDDQDVAYEKLKGILIKSQMPLAMATGSSSSVVNSFLDKPAASATTVNSSSQD,6
63,GKR3BB@A@L191F,MALPTPVVICGPSGSGKTTLYNKLLKEFPGVFQLSVSHTTRQPRPGEENGREFHFINRDQFQENIKQGDFLEWAEFSGNLYGTSKKALEEVQANNVIPILDIDTQGVRNVKKASLEAVYIFIKPPSIDVLEERLRSRKTETEEALQKRLSAARNELEYGLKPGNFQHIITNDDLDVAYEKLKGILIKSQMPLAMATGSSSSVVNSFLDKPAASATTVNSSSQD,MALPTPVVICGPSGSGKTTLYNKLLKEFPGVFQLSVSHTTRQPRPGEENGREFHFINRDQFQENIKQGDFLEWAEFSGNLYGTSKKALEEVQANNVIPILDIDTQGVRNVKKASLEAVYIFIKPPSIDVLEERLRSRKTETEEALQKRLSAARNELEYGLKPGNFQHIITNDDLDVAYEKLKGIFIKSQMPLAMATGSSSSVVNSFLDKPAASATTVNSSSQD,6
64,GKR3BB@A@M200R,MALPTPVVICGPSGSGKTTLYNKLLKEFPGVFQLSVSHTTRQPRPGEENGREFHFINRDQFQENIKQGDFLEWAEFSGNLYGTSKKALEEVQANNVIPILDIDTQGVRNVKKASLEAVYIFIKPPSIDVLEERLRSRKTETEEALQKRLSAARNELEYGLKPGNFQHIITNDDLDVAYEKLKGILIKSQMPLAMATGSSSSVVNSFLDKPAASATTVNSSSQD,MALPTPVVICGPSGSGKTTLYNKLLKEFPGVFQLSVSHTTRQPRPGEENGREFHFINRDQFQENIKQGDFLEWAEFSGNLYGTSKKALEEVQANNVIPILDIDTQGVRNVKKASLEAVYIFIKPPSIDVLEERLRSRKTETEEALQKRLSAARNELEYGLKPGNFQHIITNDDLDVAYEKLKGILIKSQMPLARATGSSSSVVNSFLDKPAASATTVNSSSQD,6
65,GKR3BB@A@N100T,MALPTPVVICGPSGSGKTTLYNKLLKEFPGVFQLSVSHTTRQPRPGEENGREFHFINRDQFQENIKQGDFLEWAEFSGNLYGTSKKALEEVQANNVIPILDIDTQGVRNVKKASLEAVYIFIKPPSIDVLEERLRSRKTETEEALQKRLSAARNELEYGLKPGNFQHIITNDDLDVAYEKLKGILIKSQMPLAMATGSSSSVVNSFLDKPAASATTVNSSSQD,MALPTPVVICGPSGSGKTTLYNKLLKEFPGVFQLSVSHTTRQPRPGEENGREFHFINRDQFQENIKQGDFLEWAEFSGNLYGTSKKALEEVQATNVIPILDIDTQGVRNVKKASLEAVYIFIKPPSIDVLEERLRSRKTETEEALQKRLSAARNELEYGLKPGNFQHIITNDDLDVAYEKLKGILIKSQMPLAMATGSSSSVVNSFLDKPAASATTVNSSSQD,6
66,GKR3BB@A@N115M,MALPTPVVICGPSGSGKTTLYNKLLKEFPGVFQLSVSHTTRQPRPGEENGREFHFINRDQFQENIKQGDFLEWAEFSGNLYGTSKKALEEVQANNVIPILDIDTQGVRNVKKASLEAVYIFIKPPSIDVLEERLRSRKTETEEALQKRLSAARNELEYGLKPGNFQHIITNDDLDVAYEKLKGILIKSQMPLAMATGSSSSVVNSFLDKPAASATTVNSSSQD,MALPTPVVICGPSGSGKTTLYNKLLKEFPGVFQLSVSHTTRQPRPGEENGREFHFINRDQFQENIKQGDFLEWAEFSGNLYGTSKKALEEVQANNVIPILDIDTQGVRMVKKASLEAVYIFIKPPSIDVLEERLRSRKTETEEALQKRLSAARNELEYGLKPGNFQHIITNDDLDVAYEKLKGILIKSQMPLAMATGSSSSVVNSFLDKPAASATTVNSSSQD,6
67,GKR3BB@A@N160M,MALPTPVVICGPSGSGKTTLYNKLLKEFPGVFQLSVSHTTRQPRPGEENGREFHFINRDQFQENIKQGDFLEWAEFSGNLYGTSKKALEEVQANNVIPILDIDTQGVRNVKKASLEAVYIFIKPPSIDVLEERLRSRKTETEEALQKRLSAARNELEYGLKPGNFQHIITNDDLDVAYEKLKGILIKSQMPLAMATGSSSSVVNSFLDKPAASATTVNSSSQD,MALPTPVVICGPSGSGKTTLYNKLLKEFPGVFQLSVSHTTRQPRPGEENGREFHFINRDQFQENIKQGDFLEWAEFSGNLYGTSKKALEEVQANNVIPILDIDTQGVRNVKKASLEAVYIFIKPPSIDVLEERLRSRKTETEEALQKRLSAARMELEYGLKPGNFQHIITNDDLDVAYEKLKGILIKSQMPLAMATGSSSSVVNSFLDKPAASATTVNSSSQD,6
68,GKR3BB@A@N160Q,MALPTPVVICGPSGSGKTTLYNKLLKEFPGVFQLSVSHTTRQPRPGEENGREFHFINRDQFQENIKQGDFLEWAEFSGNLYGTSKKALEEVQANNVIPILDIDTQGVRNVKKASLEAVYIFIKPPSIDVLEERLRSRKTETEEALQKRLSAARNELEYGLKPGNFQHIITNDDLDVAYEKLKGILIKSQMPLAMATGSSSSVVNSFLDKPAASATTVNSSSQD,MALPTPVVICGPSGSGKTTLYNKLLKEFPGVFQLSVSHTTRQPRPGEENGREFHFINRDQFQENIKQGDFLEWAEFSGNLYGTSKKALEEVQANNVIPILDIDTQGVRNVKKASLEAVYIFIKPPSIDVLEERLRSRKTETEEALQKRLSAARQELEYGLKPGNFQHIITNDDLDVAYEKLKGILIKSQMPLAMATGSSSSVVNSFLDKPAASATTVNSSSQD,6
69,GKR3BB@A@N28M,MALPTPVVICGPSGSGKTTLYNKLLKEFPGVFQLSVSHTTRQPRPGEENGREFHFINRDQFQENIKQGDFLEWAEFSGNLYGTSKKALEEVQANNVIPILDIDTQGVRNVKKASLEAVYIFIKPPSIDVLEERLRSRKTETEEALQKRLSAARNELEYGLKPGNFQHIITNDDLDVAYEKLKGILIKSQMPLAMATGSSSSVVNSFLDKPAASATTVNSSSQD,MALPTPVVICGPSGSGKTTLYMKLLKEFPGVFQLSVSHTTRQPRPGEENGREFHFINRDQFQENIKQGDFLEWAEFSGNLYGTSKKALEEVQANNVIPILDIDTQGVRNVKKASLEAVYIFIKPPSIDVLEERLRSRKTETEEALQKRLSAARNELEYGLKPGNFQHIITNDDLDVAYEKLKGILIKSQMPLAMATGSSSSVVNSFLDKPAASATTVNSSSQD,6
70,GKR3BB@A@N63S,MALPTPVVICGPSGSGKTTLYNKLLKEFPGVFQLSVSHTTRQPRPGEENGREFHFINRDQFQENIKQGDFLEWAEFSGNLYGTSKKALEEVQANNVIPILDIDTQGVRNVKKASLEAVYIFIKPPSIDVLEERLRSRKTETEEALQKRLSAARNELEYGLKPGNFQHIITNDDLDVAYEKLKGILIKSQMPLAMATGSSSSVVNSFLDKPAASATTVNSSSQD,MALPTPVVICGPSGSGKTTLYNKLLKEFPGVFQLSVSHTTRQPRPGEENGREFHFISRDQFQENIKQGDFLEWAEFSGNLYGTSKKALEEVQANNVIPILDIDTQGVRNVKKASLEAVYIFIKPPSIDVLEERLRSRKTETEEALQKRLSAARNELEYGLKPGNFQHIITNDDLDVAYEKLKGILIKSQMPLAMATGSSSSVVNSFLDKPAASATTVNSSSQD,6
71,GKR3BB@A@N70M,MALPTPVVICGPSGSGKTTLYNKLLKEFPGVFQLSVSHTTRQPRPGEENGREFHFINRDQFQENIKQGDFLEWAEFSGNLYGTSKKALEEVQANNVIPILDIDTQGVRNVKKASLEAVYIFIKPPSIDVLEERLRSRKTETEEALQKRLSAARNELEYGLKPGNFQHIITNDDLDVAYEKLKGILIKSQMPLAMATGSSSSVVNSFLDKPAASATTVNSSSQD,MALPTPVVICGPSGSGKTTLYNKLLKEFPGVFQLSVSHTTRQPRPGEENGREFHFINRDQFQEMIKQGDFLEWAEFSGNLYGTSKKALEEVQANNVIPILDIDTQGVRNVKKASLEAVYIFIKPPSIDVLEERLRSRKTETEEALQKRLSAARNELEYGLKPGNFQHIITNDDLDVAYEKLKGILIKSQMPLAMATGSSSSVVNSFLDKPAASATTVNSSSQD,6
72,GKR3BB@A@N85K,MALPTPVVICGPSGSGKTTLYNKLLKEFPGVFQLSVSHTTRQPRPGEENGREFHFINRDQFQENIKQGDFLEWAEFSGNLYGTSKKALEEVQANNVIPILDIDTQGVRNVKKASLEAVYIFIKPPSIDVLEERLRSRKTETEEALQKRLSAARNELEYGLKPGNFQHIITNDDLDVAYEKLKGILIKSQMPLAMATGSSSSVVNSFLDKPAASATTVNSSSQD,MALPTPVVICGPSGSGKTTLYNKLLKEFPGVFQLSVSHTTRQPRPGEENGREFHFINRDQFQENIKQGDFLEWAEFSGKLYGTSKKALEEVQANNVIPILDIDTQGVRNVKKASLEAVYIFIKPPSIDVLEERLRSRKTETEEALQKRLSAARNELEYGLKPGNFQHIITNDDLDVAYEKLKGILIKSQMPLAMATGSSSSVVNSFLDKPAASATTVNSSSQD,6
73,GKR3BB@A@N85R,MALPTPVVICGPSGSGKTTLYNKLLKEFPGVFQLSVSHTTRQPRPGEENGREFHFINRDQFQENIKQGDFLEWAEFSGNLYGTSKKALEEVQANNVIPILDIDTQGVRNVKKASLEAVYIFIKPPSIDVLEERLRSRKTETEEALQKRLSAARNELEYGLKPGNFQHIITNDDLDVAYEKLKGILIKSQMPLAMATGSSSSVVNSFLDKPAASATTVNSSSQD,MALPTPVVICGPSGSGKTTLYNKLLKEFPGVFQLSVSHTTRQPRPGEENGREFHFINRDQFQENIKQGDFLEWAEFSGRLYGTSKKALEEVQANNVIPILDIDTQGVRNVKKASLEAVYIFIKPPSIDVLEERLRSRKTETEEALQKRLSAARNELEYGLKPGNFQHIITNDDLDVAYEKLKGILIKSQMPLAMATGSSSSVVNSFLDKPAASATTVNSSSQD,6
74,GKR3BB@A@P18W,MALPTPVVICGPSGSGKTTLYNKLLKEFPGVFQLSVSHTTRQPRPGEENGREFHFINRDQFQENIKQGDFLEWAEFSGNLYGTSKKALEEVQANNVIPILDIDTQGVRNVKKASLEAVYIFIKPPSIDVLEERLRSRKTETEEALQKRLSAARNELEYGLKPGNFQHIITNDDLDVAYEKLKGILIKSQMPLAMATGSSSSVVNSFLDKPAASATTVNSSSQD,MALPTPVVICGWSGSGKTTLYNKLLKEFPGVFQLSVSHTTRQPRPGEENGREFHFINRDQFQENIKQGDFLEWAEFSGNLYGTSKKALEEVQANNVIPILDIDTQGVRNVKKASLEAVYIFIKPPSIDVLEERLRSRKTETEEALQKRLSAARNELEYGLKPGNFQHIITNDDLDVAYEKLKGILIKSQMPLAMATGSSSSVVNSFLDKPAASATTVNSSSQD,6
75,GKR3BB@A@Q152K,MALPTPVVICGPSGSGKTTLYNKLLKEFPGVFQLSVSHTTRQPRPGEENGREFHFINRDQFQENIKQGDFLEWAEFSGNLYGTSKKALEEVQANNVIPILDIDTQGVRNVKKASLEAVYIFIKPPSIDVLEERLRSRKTETEEALQKRLSAARNELEYGLKPGNFQHIITNDDLDVAYEKLKGILIKSQMPLAMATGSSSSVVNSFLDKPAASATTVNSSSQD,MALPTPVVICGPSGSGKTTLYNKLLKEFPGVFQLSVSHTTRQPRPGEENGREFHFINRDQFQENIKQGDFLEWAEFSGNLYGTSKKALEEVQANNVIPILDIDTQGVRNVKKASLEAVYIFIKPPSIDVLEERLRSRKTETEEALKKRLSAARNELEYGLKPGNFQHIITNDDLDVAYEKLKGILIKSQMPLAMATGSSSSVVNSFLDKPAASATTVNSSSQD,6
76,GKR3BB@A@Q39R,MALPTPVVICGPSGSGKTTLYNKLLKEFPGVFQLSVSHTTRQPRPGEENGREFHFINRDQFQENIKQGDFLEWAEFSGNLYGTSKKALEEVQANNVIPILDIDTQGVRNVKKASLEAVYIFIKPPSIDVLEERLRSRKTETEEALQKRLSAARNELEYGLKPGNFQHIITNDDLDVAYEKLKGILIKSQMPLAMATGSSSSVVNSFLDKPAASATTVNSSSQD,MALPTPVVICGPSGSGKTTLYNKLLKEFPGVFRLSVSHTTRQPRPGEENGREFHFINRDQFQENIKQGDFLEWAEFSGNLYGTSKKALEEVQANNVIPILDIDTQGVRNVKKASLEAVYIFIKPPSIDVLEERLRSRKTETEEALQKRLSAARNELEYGLKPGNFQHIITNDDLDVAYEKLKGILIKSQMPLAMATGSSSSVVNSFLDKPAASATTVNSSSQD,6
77,GKR3BB@A@Q48K,MALPTPVVICGPSGSGKTTLYNKLLKEFPGVFQLSVSHTTRQPRPGEENGREFHFINRDQFQENIKQGDFLEWAEFSGNLYGTSKKALEEVQANNVIPILDIDTQGVRNVKKASLEAVYIFIKPPSIDVLEERLRSRKTETEEALQKRLSAARNELEYGLKPGNFQHIITNDDLDVAYEKLKGILIKSQMPLAMATGSSSSVVNSFLDKPAASATTVNSSSQD,MALPTPVVICGPSGSGKTTLYNKLLKEFPGVFQLSVSHTTRKPRPGEENGREFHFINRDQFQENIKQGDFLEWAEFSGNLYGTSKKALEEVQANNVIPILDIDTQGVRNVKKASLEAVYIFIKPPSIDVLEERLRSRKTETEEALQKRLSAARNELEYGLKPGNFQHIITNDDLDVAYEKLKGILIKSQMPLAMATGSSSSVVNSFLDKPAASATTVNSSSQD,6
78,GKR3BB@A@Q48R,MALPTPVVICGPSGSGKTTLYNKLLKEFPGVFQLSVSHTTRQPRPGEENGREFHFINRDQFQENIKQGDFLEWAEFSGNLYGTSKKALEEVQANNVIPILDIDTQGVRNVKKASLEAVYIFIKPPSIDVLEERLRSRKTETEEALQKRLSAARNELEYGLKPGNFQHIITNDDLDVAYEKLKGILIKSQMPLAMATGSSSSVVNSFLDKPAASATTVNSSSQD,MALPTPVVICGPSGSGKTTLYNKLLKEFPGVFQLSVSHTTRRPRPGEENGREFHFINRDQFQENIKQGDFLEWAEFSGNLYGTSKKALEEVQANNVIPILDIDTQGVRNVKKASLEAVYIFIKPPSIDVLEERLRSRKTETEEALQKRLSAARNELEYGLKPGNFQHIITNDDLDVAYEKLKGILIKSQMPLAMATGSSSSVVNSFLDKPAASATTVNSSSQD,6
79,GKR3BB@A@Q66R,MALPTPVVICGPSGSGKTTLYNKLLKEFPGVFQLSVSHTTRQPRPGEENGREFHFINRDQFQENIKQGDFLEWAEFSGNLYGTSKKALEEVQANNVIPILDIDTQGVRNVKKASLEAVYIFIKPPSIDVLEERLRSRKTETEEALQKRLSAARNELEYGLKPGNFQHIITNDDLDVAYEKLKGILIKSQMPLAMATGSSSSVVNSFLDKPAASATTVNSSSQD,MALPTPVVICGPSGSGKTTLYNKLLKEFPGVFQLSVSHTTRQPRPGEENGREFHFINRDRFQENIKQGDFLEWAEFSGNLYGTSKKALEEVQANNVIPILDIDTQGVRNVKKASLEAVYIFIKPPSIDVLEERLRSRKTETEEALQKRLSAARNELEYGLKPGNFQHIITNDDLDVAYEKLKGILIKSQMPLAMATGSSSSVVNSFLDKPAASATTVNSSSQD,6
80,GKR3BB@A@R159G,MALPTPVVICGPSGSGKTTLYNKLLKEFPGVFQLSVSHTTRQPRPGEENGREFHFINRDQFQENIKQGDFLEWAEFSGNLYGTSKKALEEVQANNVIPILDIDTQGVRNVKKASLEAVYIFIKPPSIDVLEERLRSRKTETEEALQKRLSAARNELEYGLKPGNFQHIITNDDLDVAYEKLKGILIKSQMPLAMATGSSSSVVNSFLDKPAASATTVNSSSQD,MALPTPVVICGPSGSGKTTLYNKLLKEFPGVFQLSVSHTTRQPRPGEENGREFHFINRDQFQENIKQGDFLEWAEFSGNLYGTSKKALEEVQANNVIPILDIDTQGVRNVKKASLEAVYIFIKPPSIDVLEERLRSRKTETEEALQKRLSAAGNELEYGLKPGNFQHIITNDDLDVAYEKLKGILIKSQMPLAMATGSSSSVVNSFLDKPAASATTVNSSSQD,6
81,GKR3BB@A@S156M,MALPTPVVICGPSGSGKTTLYNKLLKEFPGVFQLSVSHTTRQPRPGEENGREFHFINRDQFQENIKQGDFLEWAEFSGNLYGTSKKALEEVQANNVIPILDIDTQGVRNVKKASLEAVYIFIKPPSIDVLEERLRSRKTETEEALQKRLSAARNELEYGLKPGNFQHIITNDDLDVAYEKLKGILIKSQMPLAMATGSSSSVVNSFLDKPAASATTVNSSSQD,MALPTPVVICGPSGSGKTTLYNKLLKEFPGVFQLSVSHTTRQPRPGEENGREFHFINRDQFQENIKQGDFLEWAEFSGNLYGTSKKALEEVQANNVIPILDIDTQGVRNVKKASLEAVYIFIKPPSIDVLEERLRSRKTETEEALQKRLMAARNELEYGLKPGNFQHIITNDDLDVAYEKLKGILIKSQMPLAMATGSSSSVVNSFLDKPAASATTVNSSSQD,6
82,GKR3BB@A@S19F,MALPTPVVICGPSGSGKTTLYNKLLKEFPGVFQLSVSHTTRQPRPGEENGREFHFINRDQFQENIKQGDFLEWAEFSGNLYGTSKKALEEVQANNVIPILDIDTQGVRNVKKASLEAVYIFIKPPSIDVLEERLRSRKTETEEALQKRLSAARNELEYGLKPGNFQHIITNDDLDVAYEKLKGILIKSQMPLAMATGSSSSVVNSFLDKPAASATTVNSSSQD,MALPTPVVICGPFGSGKTTLYNKLLKEFPGVFQLSVSHTTRQPRPGEENGREFHFINRDQFQENIKQGDFLEWAEFSGNLYGTSKKALEEVQANNVIPILDIDTQGVRNVKKASLEAVYIFIKPPSIDVLEERLRSRKTETEEALQKRLSAARNELEYGLKPGNFQHIITNDDLDVAYEKLKGILIKSQMPLAMATGSSSSVVNSFLDKPAASATTVNSSSQD,6
83,GKR3BB@A@S83V,MALPTPVVICGPSGSGKTTLYNKLLKEFPGVFQLSVSHTTRQPRPGEENGREFHFINRDQFQENIKQGDFLEWAEFSGNLYGTSKKALEEVQANNVIPILDIDTQGVRNVKKASLEAVYIFIKPPSIDVLEERLRSRKTETEEALQKRLSAARNELEYGLKPGNFQHIITNDDLDVAYEKLKGILIKSQMPLAMATGSSSSVVNSFLDKPAASATTVNSSSQD,MALPTPVVICGPSGSGKTTLYNKLLKEFPGVFQLSVSHTTRQPRPGEENGREFHFINRDQFQENIKQGDFLEWAEFVGNLYGTSKKALEEVQANNVIPILDIDTQGVRNVKKASLEAVYIFIKPPSIDVLEERLRSRKTETEEALQKRLSAARNELEYGLKPGNFQHIITNDDLDVAYEKLKGILIKSQMPLAMATGSSSSVVNSFLDKPAASATTVNSSSQD,6
84,GKR3BB@A@T147K,MALPTPVVICGPSGSGKTTLYNKLLKEFPGVFQLSVSHTTRQPRPGEENGREFHFINRDQFQENIKQGDFLEWAEFSGNLYGTSKKALEEVQANNVIPILDIDTQGVRNVKKASLEAVYIFIKPPSIDVLEERLRSRKTETEEALQKRLSAARNELEYGLKPGNFQHIITNDDLDVAYEKLKGILIKSQMPLAMATGSSSSVVNSFLDKPAASATTVNSSSQD,MALPTPVVICGPSGSGKTTLYNKLLKEFPGVFQLSVSHTTRQPRPGEENGREFHFINRDQFQENIKQGDFLEWAEFSGNLYGTSKKALEEVQANNVIPILDIDTQGVRNVKKASLEAVYIFIKPPSIDVLEERLRSRKTEKEEALQKRLSAARNELEYGLKPGNFQHIITNDDLDVAYEKLKGILIKSQMPLAMATGSSSSVVNSFLDKPAASATTVNSSSQD,6
85,GKR3BB@A@T176K,MALPTPVVICGPSGSGKTTLYNKLLKEFPGVFQLSVSHTTRQPRPGEENGREFHFINRDQFQENIKQGDFLEWAEFSGNLYGTSKKALEEVQANNVIPILDIDTQGVRNVKKASLEAVYIFIKPPSIDVLEERLRSRKTETEEALQKRLSAARNELEYGLKPGNFQHIITNDDLDVAYEKLKGILIKSQMPLAMATGSSSSVVNSFLDKPAASATTVNSSSQD,MALPTPVVICGPSGSGKTTLYNKLLKEFPGVFQLSVSHTTRQPRPGEENGREFHFINRDQFQENIKQGDFLEWAEFSGNLYGTSKKALEEVQANNVIPILDIDTQGVRNVKKASLEAVYIFIKPPSIDVLEERLRSRKTETEEALQKRLSAARNELEYGLKPGNFQHIIKNDDLDVAYEKLKGILIKSQMPLAMATGSSSSVVNSFLDKPAASATTVNSSSQD,6
86,GKR3BB@A@T24E,MALPTPVVICGPSGSGKTTLYNKLLKEFPGVFQLSVSHTTRQPRPGEENGREFHFINRDQFQENIKQGDFLEWAEFSGNLYGTSKKALEEVQANNVIPILDIDTQGVRNVKKASLEAVYIFIKPPSIDVLEERLRSRKTETEEALQKRLSAARNELEYGLKPGNFQHIITNDDLDVAYEKLKGILIKSQMPLAMATGSSSSVVNSFLDKPAASATTVNSSSQD,MALPTPVVICGPSGSGKETLYNKLLKEFPGVFQLSVSHTTRQPRPGEENGREFHFINRDQFQENIKQGDFLEWAEFSGNLYGTSKKALEEVQANNVIPILDIDTQGVRNVKKASLEAVYIFIKPPSIDVLEERLRSRKTETEEALQKRLSAARNELEYGLKPGNFQHIITNDDLDVAYEKLKGILIKSQMPLAMATGSSSSVVNSFLDKPAASATTVNSSSQD,6
87,GKR3BB@A@T25L,MALPTPVVICGPSGSGKTTLYNKLLKEFPGVFQLSVSHTTRQPRPGEENGREFHFINRDQFQENIKQGDFLEWAEFSGNLYGTSKKALEEVQANNVIPILDIDTQGVRNVKKASLEAVYIFIKPPSIDVLEERLRSRKTETEEALQKRLSAARNELEYGLKPGNFQHIITNDDLDVAYEKLKGILIKSQMPLAMATGSSSSVVNSFLDKPAASATTVNSSSQD,MALPTPVVICGPSGSGKTLLYNKLLKEFPGVFQLSVSHTTRQPRPGEENGREFHFINRDQFQENIKQGDFLEWAEFSGNLYGTSKKALEEVQANNVIPILDIDTQGVRNVKKASLEAVYIFIKPPSIDVLEERLRSRKTETEEALQKRLSAARNELEYGLKPGNFQHIITNDDLDVAYEKLKGILIKSQMPLAMATGSSSSVVNSFLDKPAASATTVNSSSQD,6
88,GKR3BB@A@V124H,MALPTPVVICGPSGSGKTTLYNKLLKEFPGVFQLSVSHTTRQPRPGEENGREFHFINRDQFQENIKQGDFLEWAEFSGNLYGTSKKALEEVQANNVIPILDIDTQGVRNVKKASLEAVYIFIKPPSIDVLEERLRSRKTETEEALQKRLSAARNELEYGLKPGNFQHIITNDDLDVAYEKLKGILIKSQMPLAMATGSSSSVVNSFLDKPAASATTVNSSSQD,MALPTPVVICGPSGSGKTTLYNKLLKEFPGVFQLSVSHTTRQPRPGEENGREFHFINRDQFQENIKQGDFLEWAEFSGNLYGTSKKALEEVQANNVIPILDIDTQGVRNVKKASLEAHYIFIKPPSIDVLEERLRSRKTETEEALQKRLSAARNELEYGLKPGNFQHIITNDDLDVAYEKLKGILIKSQMPLAMATGSSSSVVNSFLDKPAASATTVNSSSQD,6
89,GKR3BB@A@V13D,MALPTPVVICGPSGSGKTTLYNKLLKEFPGVFQLSVSHTTRQPRPGEENGREFHFINRDQFQENIKQGDFLEWAEFSGNLYGTSKKALEEVQANNVIPILDIDTQGVRNVKKASLEAVYIFIKPPSIDVLEERLRSRKTETEEALQKRLSAARNELEYGLKPGNFQHIITNDDLDVAYEKLKGILIKSQMPLAMATGSSSSVVNSFLDKPAASATTVNSSSQD,MALPTPDVICGPSGSGKTTLYNKLLKEFPGVFQLSVSHTTRQPRPGEENGREFHFINRDQFQENIKQGDFLEWAEFSGNLYGTSKKALEEVQANNVIPILDIDTQGVRNVKKASLEAVYIFIKPPSIDVLEERLRSRKTETEEALQKRLSAARNELEYGLKPGNFQHIITNDDLDVAYEKLKGILIKSQMPLAMATGSSSSVVNSFLDKPAASATTVNSSSQD,6
90,GKR3BB@A@V13I,MALPTPVVICGPSGSGKTTLYNKLLKEFPGVFQLSVSHTTRQPRPGEENGREFHFINRDQFQENIKQGDFLEWAEFSGNLYGTSKKALEEVQANNVIPILDIDTQGVRNVKKASLEAVYIFIKPPSIDVLEERLRSRKTETEEALQKRLSAARNELEYGLKPGNFQHIITNDDLDVAYEKLKGILIKSQMPLAMATGSSSSVVNSFLDKPAASATTVNSSSQD,MALPTPIVICGPSGSGKTTLYNKLLKEFPGVFQLSVSHTTRQPRPGEENGREFHFINRDQFQENIKQGDFLEWAEFSGNLYGTSKKALEEVQANNVIPILDIDTQGVRNVKKASLEAVYIFIKPPSIDVLEERLRSRKTETEEALQKRLSAARNELEYGLKPGNFQHIITNDDLDVAYEKLKGILIKSQMPLAMATGSSSSVVNSFLDKPAASATTVNSSSQD,6
91,GKR3BB@A@V182I,MALPTPVVICGPSGSGKTTLYNKLLKEFPGVFQLSVSHTTRQPRPGEENGREFHFINRDQFQENIKQGDFLEWAEFSGNLYGTSKKALEEVQANNVIPILDIDTQGVRNVKKASLEAVYIFIKPPSIDVLEERLRSRKTETEEALQKRLSAARNELEYGLKPGNFQHIITNDDLDVAYEKLKGILIKSQMPLAMATGSSSSVVNSFLDKPAASATTVNSSSQD,MALPTPVVICGPSGSGKTTLYNKLLKEFPGVFQLSVSHTTRQPRPGEENGREFHFINRDQFQENIKQGDFLEWAEFSGNLYGTSKKALEEVQANNVIPILDIDTQGVRNVKKASLEAVYIFIKPPSIDVLEERLRSRKTETEEALQKRLSAARNELEYGLKPGNFQHIITNDDLDIAYEKLKGILIKSQMPLAMATGSSSSVVNSFLDKPAASATTVNSSSQD,6
92,GKR3BB@A@Y164N,MALPTPVVICGPSGSGKTTLYNKLLKEFPGVFQLSVSHTTRQPRPGEENGREFHFINRDQFQENIKQGDFLEWAEFSGNLYGTSKKALEEVQANNVIPILDIDTQGVRNVKKASLEAVYIFIKPPSIDVLEERLRSRKTETEEALQKRLSAARNELEYGLKPGNFQHIITNDDLDVAYEKLKGILIKSQMPLAMATGSSSSVVNSFLDKPAASATTVNSSSQD,MALPTPVVICGPSGSGKTTLYNKLLKEFPGVFQLSVSHTTRQPRPGEENGREFHFINRDQFQENIKQGDFLEWAEFSGNLYGTSKKALEEVQANNVIPILDIDTQGVRNVKKASLEAVYIFIKPPSIDVLEERLRSRKTETEEALQKRLSAARNELENGLKPGNFQHIITNDDLDVAYEKLKGILIKSQMPLAMATGSSSSVVNSFLDKPAASATTVNSSSQD,6
93,GKR3BB@A@Y27N,MALPTPVVICGPSGSGKTTLYNKLLKEFPGVFQLSVSHTTRQPRPGEENGREFHFINRDQFQENIKQGDFLEWAEFSGNLYGTSKKALEEVQANNVIPILDIDTQGVRNVKKASLEAVYIFIKPPSIDVLEERLRSRKTETEEALQKRLSAARNELEYGLKPGNFQHIITNDDLDVAYEKLKGILIKSQMPLAMATGSSSSVVNSFLDKPAASATTVNSSSQD,MALPTPVVICGPSGSGKTTLNNKLLKEFPGVFQLSVSHTTRQPRPGEENGREFHFINRDQFQENIKQGDFLEWAEFSGNLYGTSKKALEEVQANNVIPILDIDTQGVRNVKKASLEAVYIFIKPPSIDVLEERLRSRKTETEEALQKRLSAARNELEYGLKPGNFQHIITNDDLDVAYEKLKGILIKSQMPLAMATGSSSSVVNSFLDKPAASATTVNSSSQD,6
94,GKR3BB@A@Y27W,MALPTPVVICGPSGSGKTTLYNKLLKEFPGVFQLSVSHTTRQPRPGEENGREFHFINRDQFQENIKQGDFLEWAEFSGNLYGTSKKALEEVQANNVIPILDIDTQGVRNVKKASLEAVYIFIKPPSIDVLEERLRSRKTETEEALQKRLSAARNELEYGLKPGNFQHIITNDDLDVAYEKLKGILIKSQMPLAMATGSSSSVVNSFLDKPAASATTVNSSSQD,MALPTPVVICGPSGSGKTTLWNKLLKEFPGVFQLSVSHTTRQPRPGEENGREFHFINRDQFQENIKQGDFLEWAEFSGNLYGTSKKALEEVQANNVIPILDIDTQGVRNVKKASLEAVYIFIKPPSIDVLEERLRSRKTETEEALQKRLSAARNELEYGLKPGNFQHIITNDDLDVAYEKLKGILIKSQMPLAMATGSSSSVVNSFLDKPAASATTVNSSSQD,6
95,GKR3BB@A@Y87P,MALPTPVVICGPSGSGKTTLYNKLLKEFPGVFQLSVSHTTRQPRPGEENGREFHFINRDQFQENIKQGDFLEWAEFSGNLYGTSKKALEEVQANNVIPILDIDTQGVRNVKKASLEAVYIFIKPPSIDVLEERLRSRKTETEEALQKRLSAARNELEYGLKPGNFQHIITNDDLDVAYEKLKGILIKSQMPLAMATGSSSSVVNSFLDKPAASATTVNSSSQD,MALPTPVVICGPSGSGKTTLYNKLLKEFPGVFQLSVSHTTRQPRPGEENGREFHFINRDQFQENIKQGDFLEWAEFSGNLPGTSKKALEEVQANNVIPILDIDTQGVRNVKKASLEAVYIFIKPPSIDVLEERLRSRKTETEEALQKRLSAARNELEYGLKPGNFQHIITNDDLDVAYEKLKGILIKSQMPLAMATGSSSSVVNSFLDKPAASATTVNSSSQD,6
